chemical	disease
10,10-bis(4-pyridinylmethyl)-9(10H)-anthracenone	Atrial Fibrillation, Familial, 3
10,10-bis(4-pyridinylmethyl)-9(10H)-anthracenone	Developmental Disabilities
10,10-bis(4-pyridinylmethyl)-9(10H)-anthracenone	Diabetes Mellitus, Type 2
10,10-bis(4-pyridinylmethyl)-9(10H)-anthracenone	Epilepsy
10,10-bis(4-pyridinylmethyl)-9(10H)-anthracenone	Epilepsy, Benign Neonatal
10,10-bis(4-pyridinylmethyl)-9(10H)-anthracenone	EPILEPTIC ENCEPHALOPATHY, EARLY INFANTILE, 7
10,10-bis(4-pyridinylmethyl)-9(10H)-anthracenone	Hearing Loss, Noise-Induced
10,10-bis(4-pyridinylmethyl)-9(10H)-anthracenone	Hyperkinesis
10,10-bis(4-pyridinylmethyl)-9(10H)-anthracenone	Jervell-Lange Nielsen Syndrome
10,10-bis(4-pyridinylmethyl)-9(10H)-anthracenone	Long QT Syndrome
10,10-bis(4-pyridinylmethyl)-9(10H)-anthracenone	Nervous System Diseases
10,10-bis(4-pyridinylmethyl)-9(10H)-anthracenone	Romano-Ward Syndrome
10,10-bis(4-pyridinylmethyl)-9(10H)-anthracenone	SEIZURES, BENIGN FAMILIAL NEONATAL, 1
10,10-bis(4-pyridinylmethyl)-9(10H)-anthracenone	SEIZURES, BENIGN FAMILIAL NEONATAL, 2
10,10-bis(4-pyridinylmethyl)-9(10H)-anthracenone	Short QT Syndrome 2
10,11-dihydro-10,11-dihydroxy-5H-dibenzazepine-5-carboxamide	Abnormalities, Drug-Induced
10,11-dihydro-10,11-dihydroxy-5H-dibenzazepine-5-carboxamide	Amphetamine-Related Disorders
10,11-dihydro-10,11-dihydroxy-5H-dibenzazepine-5-carboxamide	Carcinoma
10,11-dihydro-10,11-dihydroxy-5H-dibenzazepine-5-carboxamide	Carcinoma, Hepatocellular
10,11-dihydro-10,11-dihydroxy-5H-dibenzazepine-5-carboxamide	Lung Neoplasms
10,11-dihydro-10,11-dihydroxy-5H-dibenzazepine-5-carboxamide	Lymphoma
10,11-dihydro-10,11-dihydroxy-5H-dibenzazepine-5-carboxamide	Lymphoma, Non-Hodgkin
10,11-dihydro-10,11-dihydroxy-5H-dibenzazepine-5-carboxamide	Mammary Neoplasms, Animal
10,11-dihydro-10,11-dihydroxy-5H-dibenzazepine-5-carboxamide	Mammary Neoplasms, Experimental
10,11-dihydro-10,11-dihydroxy-5H-dibenzazepine-5-carboxamide	Micronuclei, Chromosome-Defective
10,11-dihydro-10,11-dihydroxy-5H-dibenzazepine-5-carboxamide	Multiple Myeloma
10,11-dihydro-10,11-dihydroxy-5H-dibenzazepine-5-carboxamide	Peripheral Nervous System Diseases
10,11-dihydro-10,11-dihydroxy-5H-dibenzazepine-5-carboxamide	Precursor Cell Lymphoblastic Leukemia-Lymphoma
10,11-dihydro-10,11-dihydroxy-5H-dibenzazepine-5-carboxamide	Pre-Eclampsia
10,11-dihydro-10,11-dihydroxy-5H-dibenzazepine-5-carboxamide	Prostatic Neoplasms
10,11-dihydro-10,11-dihydroxy-5H-dibenzazepine-5-carboxamide	Pulmonary Disease, Chronic Obstructive
10,11-dihydro-10,11-dihydroxy-5H-dibenzazepine-5-carboxamide	Pulmonary Emphysema
10,11-dihydro-10-hydroxycarbamazepine	Acute Kidney Injury
10,11-dihydro-10-hydroxycarbamazepine	Adrenocortical Carcinoma
10,11-dihydro-10-hydroxycarbamazepine	Arthritis, Experimental
10,11-dihydro-10-hydroxycarbamazepine	Breast Neoplasms
10,11-dihydro-10-hydroxycarbamazepine	Carcinoma
10,11-dihydro-10-hydroxycarbamazepine	Carcinoma, Hepatocellular
10,11-dihydro-10-hydroxycarbamazepine	Carcinoma, Non-Small-Cell Lung
10,11-dihydro-10-hydroxycarbamazepine	Cardiovascular Diseases
10,11-dihydro-10-hydroxycarbamazepine	Colorectal Neoplasms
10,11-dihydro-10-hydroxycarbamazepine	Disease Progression
10,11-dihydro-10-hydroxycarbamazepine	Drug-Induced Liver Injury
10,11-dihydro-10-hydroxycarbamazepine	Drug-Induced Liver Injury
10,11-dihydro-10-hydroxycarbamazepine	Drug Metabolism, Poor, CYP2C19-Related
10,11-dihydro-10-hydroxycarbamazepine	Drug-Related Side Effects and Adverse Reactions
10,11-dihydro-10-hydroxycarbamazepine	Epilepsy
10,11-dihydro-10-hydroxycarbamazepine	Epilepsy
10,11-dihydro-10-hydroxycarbamazepine	Escherichia coli Infections
10,11-dihydro-10-hydroxycarbamazepine	Esophageal Neoplasms
10,11-dihydro-10-hydroxycarbamazepine	Genetic Predisposition to Disease
10,11-dihydro-10-hydroxycarbamazepine	Heart Defects, Congenital
10,11-dihydro-10-hydroxycarbamazepine	Hematologic Neoplasms
10,11-dihydro-10-hydroxycarbamazepine	Hypotension, Orthostatic
10,11-dihydro-10-hydroxycarbamazepine	Inflammatory Bowel Disease 13
10,11-dihydro-10-hydroxycarbamazepine	Kidney Failure, Chronic
10,11-dihydro-10-hydroxycarbamazepine	Kidney Neoplasms
10,11-dihydro-10-hydroxycarbamazepine	Liver Cirrhosis, Experimental
10,11-dihydro-10-hydroxycarbamazepine	Lymphoma, Large B-Cell, Diffuse
10,11-dihydro-10-hydroxycarbamazepine	Marijuana Abuse
10,11-dihydro-10-hydroxycarbamazepine	Mental Disorders
10,11-dihydro-10-hydroxycarbamazepine	Nausea
10,11-dihydro-10-hydroxycarbamazepine	Neoplasm Metastasis
10,11-dihydro-10-hydroxycarbamazepine	Neoplasms
10,11-dihydro-10-hydroxycarbamazepine	Nervous System Diseases
10,11-dihydro-10-hydroxycarbamazepine	Neuroblastoma
10,11-dihydro-10-hydroxycarbamazepine	Neurotoxicity Syndromes
10,11-dihydro-10-hydroxycarbamazepine	Neutropenia
10,11-dihydro-10-hydroxycarbamazepine	Pain, Postoperative
10,11-dihydro-10-hydroxycarbamazepine	Parkinson Disease
10,11-dihydro-10-hydroxycarbamazepine	Peripheral Nervous System Diseases
10,11-dihydro-10-hydroxycarbamazepine	Poisoning
10,11-dihydro-10-hydroxycarbamazepine	Precursor Cell Lymphoblastic Leukemia-Lymphoma
10,11-dihydro-10-hydroxycarbamazepine	Primary Ovarian Insufficiency
10,11-dihydro-10-hydroxycarbamazepine	Prostatic Neoplasms
10,11-dihydro-10-hydroxycarbamazepine	Thrombosis
10,11-dihydro-10-hydroxycarbamazepine	Translocation, Genetic
10,11-dihydro-10-hydroxycarbamazepine	Vomiting
10,11-dihydro-5H-dibenzo(a,d)cycloheptene	Alopecia
10,11-dihydro-5H-dibenzo(a,d)cycloheptene	Androgen-Insensitivity Syndrome
10,11-dihydro-5H-dibenzo(a,d)cycloheptene	Autistic Disorder
10,11-dihydro-5H-dibenzo(a,d)cycloheptene	Breast Neoplasms
10,11-dihydro-5H-dibenzo(a,d)cycloheptene	Breast Neoplasms, Male
10,11-dihydro-5H-dibenzo(a,d)cycloheptene	Bulbospinal neuronopathy, X-linked recessive
10,11-dihydro-5H-dibenzo(a,d)cycloheptene	Carcinoma, Hepatocellular
10,11-dihydro-5H-dibenzo(a,d)cycloheptene	Diabetes, Gestational
10,11-dihydro-5H-dibenzo(a,d)cycloheptene	Hypertension
10,11-dihydro-5H-dibenzo(a,d)cycloheptene	Hypospadias 1, X-Linked
10,11-dihydro-5H-dibenzo(a,d)cycloheptene	Infertility, Female
10,11-dihydro-5H-dibenzo(a,d)cycloheptene	Infertility, Male
10,11-dihydro-5H-dibenzo(a,d)cycloheptene	Insulin Resistance
10,11-dihydro-5H-dibenzo(a,d)cycloheptene	Leukemia
10,11-dihydro-5H-dibenzo(a,d)cycloheptene	Neoplasm Recurrence, Local
10,11-dihydro-5H-dibenzo(a,d)cycloheptene	Prostatic Intraepithelial Neoplasia
10,11-dihydro-5H-dibenzo(a,d)cycloheptene	Prostatic Neoplasms
10,11-dihydroxy-N-n-propylnorapomorphine	Hyperkinesis
10-(2-(5H-(1,2,4)triazino(5,6-b)indol-3-ylthio)butanoyl)-10H-phenothiazine	Acute Kidney Injury
10-(2-(5H-(1,2,4)triazino(5,6-b)indol-3-ylthio)butanoyl)-10H-phenothiazine	Atherosclerosis
10-(2-(5H-(1,2,4)triazino(5,6-b)indol-3-ylthio)butanoyl)-10H-phenothiazine	Autoimmune Diseases
10-(2-(5H-(1,2,4)triazino(5,6-b)indol-3-ylthio)butanoyl)-10H-phenothiazine	Brain Infarction
10-(2-(5H-(1,2,4)triazino(5,6-b)indol-3-ylthio)butanoyl)-10H-phenothiazine	Brain Neoplasms
10-(2-(5H-(1,2,4)triazino(5,6-b)indol-3-ylthio)butanoyl)-10H-phenothiazine	Breast Neoplasms
10-(2-(5H-(1,2,4)triazino(5,6-b)indol-3-ylthio)butanoyl)-10H-phenothiazine	Ceroid lipofuscinosis, neuronal 1, infantile
10-(2-(5H-(1,2,4)triazino(5,6-b)indol-3-ylthio)butanoyl)-10H-phenothiazine	Colitis
10-(2-(5H-(1,2,4)triazino(5,6-b)indol-3-ylthio)butanoyl)-10H-phenothiazine	Demyelinating Diseases
10-(2-(5H-(1,2,4)triazino(5,6-b)indol-3-ylthio)butanoyl)-10H-phenothiazine	Diabetes Mellitus
10-(2-(5H-(1,2,4)triazino(5,6-b)indol-3-ylthio)butanoyl)-10H-phenothiazine	Diabetes Mellitus, Experimental
10-(2-(5H-(1,2,4)triazino(5,6-b)indol-3-ylthio)butanoyl)-10H-phenothiazine	Diabetes Mellitus, Type 2
10-(2-(5H-(1,2,4)triazino(5,6-b)indol-3-ylthio)butanoyl)-10H-phenothiazine	Diabetic Retinopathy
10-(2-(5H-(1,2,4)triazino(5,6-b)indol-3-ylthio)butanoyl)-10H-phenothiazine	Encephalomyelitis, Autoimmune, Experimental
10-(2-(5H-(1,2,4)triazino(5,6-b)indol-3-ylthio)butanoyl)-10H-phenothiazine	Fatty Liver
10-(2-(5H-(1,2,4)triazino(5,6-b)indol-3-ylthio)butanoyl)-10H-phenothiazine	Fibrosis
10-(2-(5H-(1,2,4)triazino(5,6-b)indol-3-ylthio)butanoyl)-10H-phenothiazine	Genomic Instability
10-(2-(5H-(1,2,4)triazino(5,6-b)indol-3-ylthio)butanoyl)-10H-phenothiazine	Glucose Intolerance
10-(2-(5H-(1,2,4)triazino(5,6-b)indol-3-ylthio)butanoyl)-10H-phenothiazine	Heart Diseases
10-(2-(5H-(1,2,4)triazino(5,6-b)indol-3-ylthio)butanoyl)-10H-phenothiazine	HIV Infections
10-(2-(5H-(1,2,4)triazino(5,6-b)indol-3-ylthio)butanoyl)-10H-phenothiazine	Hypertrophy
10-(2-(5H-(1,2,4)triazino(5,6-b)indol-3-ylthio)butanoyl)-10H-phenothiazine	Insulin Resistance
10-(2-(5H-(1,2,4)triazino(5,6-b)indol-3-ylthio)butanoyl)-10H-phenothiazine	Lung Injury
10-(2-(5H-(1,2,4)triazino(5,6-b)indol-3-ylthio)butanoyl)-10H-phenothiazine	Metabolic Syndrome X
10-(2-(5H-(1,2,4)triazino(5,6-b)indol-3-ylthio)butanoyl)-10H-phenothiazine	Myocardial Reperfusion Injury
10-(2-(5H-(1,2,4)triazino(5,6-b)indol-3-ylthio)butanoyl)-10H-phenothiazine	Neurodegenerative Diseases
10-(2-(5H-(1,2,4)triazino(5,6-b)indol-3-ylthio)butanoyl)-10H-phenothiazine	Obesity
10-(2-(5H-(1,2,4)triazino(5,6-b)indol-3-ylthio)butanoyl)-10H-phenothiazine	Paralysis
10-(2-(5H-(1,2,4)triazino(5,6-b)indol-3-ylthio)butanoyl)-10H-phenothiazine	Pneumonia
10-(2-(5H-(1,2,4)triazino(5,6-b)indol-3-ylthio)butanoyl)-10H-phenothiazine	Pneumonia, Pneumococcal
10-(2-(5H-(1,2,4)triazino(5,6-b)indol-3-ylthio)butanoyl)-10H-phenothiazine	Prostatic Neoplasms
10-(2-(5H-(1,2,4)triazino(5,6-b)indol-3-ylthio)butanoyl)-10H-phenothiazine	Retinal Diseases
10-(2-(5H-(1,2,4)triazino(5,6-b)indol-3-ylthio)butanoyl)-10H-phenothiazine	Wallerian Degeneration
10-(2-pyrazolylethoxy)camptothecin	Adenocarcinoma
10-(2-pyrazolylethoxy)camptothecin	Alzheimer Disease
10-(2-pyrazolylethoxy)camptothecin	Autoimmune Lymphoproliferative Syndrome
10-(2-pyrazolylethoxy)camptothecin	Brain Ischemia
10-(2-pyrazolylethoxy)camptothecin	Breast Neoplasms
10-(2-pyrazolylethoxy)camptothecin	Calcinosis
10-(2-pyrazolylethoxy)camptothecin	Carcinoma, Hepatocellular
10-(2-pyrazolylethoxy)camptothecin	Carcinoma, Non-Small-Cell Lung
10-(2-pyrazolylethoxy)camptothecin	Carcinoma, squamous cell of head and neck
10-(2-pyrazolylethoxy)camptothecin	Cerebral Hemorrhage
10-(2-pyrazolylethoxy)camptothecin	Cerebral Hemorrhage
10-(2-pyrazolylethoxy)camptothecin	Colitis, Ulcerative
10-(2-pyrazolylethoxy)camptothecin	Colorectal Neoplasms
10-(2-pyrazolylethoxy)camptothecin	Dermatitis, Allergic Contact
10-(2-pyrazolylethoxy)camptothecin	Diabetes Mellitus, Experimental
10-(2-pyrazolylethoxy)camptothecin	Diabetes Mellitus, Type 2
10-(2-pyrazolylethoxy)camptothecin	Diabetes Mellitus, Type 2
10-(2-pyrazolylethoxy)camptothecin	Diabetic Neuropathies
10-(2-pyrazolylethoxy)camptothecin	Diabetic Retinopathy
10-(2-pyrazolylethoxy)camptothecin	Edema
10-(2-pyrazolylethoxy)camptothecin	Edema
10-(2-pyrazolylethoxy)camptothecin	Esophageal Neoplasms
10-(2-pyrazolylethoxy)camptothecin	Heart Valve Diseases
10-(2-pyrazolylethoxy)camptothecin	Lung Neoplasms
10-(2-pyrazolylethoxy)camptothecin	Melanoma
10-(2-pyrazolylethoxy)camptothecin	Mycoplasma Infections
10-(2-pyrazolylethoxy)camptothecin	Myocardial Infarction
10-(2-pyrazolylethoxy)camptothecin	Myocardial Reperfusion Injury
10-(2-pyrazolylethoxy)camptothecin	Myocardial Reperfusion Injury
10-(2-pyrazolylethoxy)camptothecin	Nerve Degeneration
10-(2-pyrazolylethoxy)camptothecin	Nervous System Diseases
10-(2-pyrazolylethoxy)camptothecin	Neurotoxicity Syndromes
10-(2-pyrazolylethoxy)camptothecin	Papillomavirus Infections
10-(2-pyrazolylethoxy)camptothecin	Reperfusion Injury
10-(2-pyrazolylethoxy)camptothecin	Reperfusion Injury
10-(2-pyrazolylethoxy)camptothecin	Retinal Detachment
10-(2-pyrazolylethoxy)camptothecin	Sepsis
10-(2-pyrazolylethoxy)camptothecin	Skin Neoplasms
10-(2-pyrazolylethoxy)camptothecin	Spinal Cord Injuries
10-(2-pyrazolylethoxy)camptothecin	Status Epilepticus
10-(2-pyrazolylethoxy)camptothecin	Status Epilepticus
10-(2-pyrazolylethoxy)camptothecin	Stomach Neoplasms
10-(2-pyrazolylethoxy)camptothecin	Subarachnoid Hemorrhage
10-(2-pyrazolylethoxy)camptothecin	Uterine Cervical Neoplasms
103D5R	Acute Kidney Injury
103D5R	Adenomatous Polyposis Coli
103D5R	Alzheimer Disease
103D5R	Amphetamine-Related Disorders
103D5R	Anaplasia
103D5R	Aortic Valve, Calcification of
103D5R	Arthritis, Experimental
103D5R	Arthritis, Rheumatoid
103D5R	Asthma
103D5R	Astrocytoma
103D5R	Ataxia
103D5R	Atherosclerosis
103D5R	Atrophy
103D5R	Brain Injuries
103D5R	Brain Ischemia
103D5R	Brain Ischemia
103D5R	Brain Ischemia
103D5R	Brain Neoplasms
103D5R	Breast Neoplasms
103D5R	Breast Neoplasms
103D5R	Breast Neoplasms
103D5R	BREAST-OVARIAN CANCER, FAMILIAL, SUSCEPTIBILITY TO, 1
103D5R	Bronchitis, Chronic
103D5R	Carcinoma
103D5R	Carcinoma, Ductal
103D5R	Carcinoma, Ductal
103D5R	Carcinoma, Hepatocellular
103D5R	Carcinoma, Intraductal, Noninfiltrating
103D5R	Carcinoma, Intraductal, Noninfiltrating
103D5R	Carcinoma, Non-Small-Cell Lung
103D5R	Carcinoma, Pancreatic Ductal
103D5R	Carcinoma, Renal Cell
103D5R	Carcinoma, Squamous Cell
103D5R	Carcinoma, Squamous Cell
103D5R	Carcinoma, Squamous Cell
103D5R	Carcinoma, Squamous Cell
103D5R	Cardiomegaly
103D5R	Cardiomyopathies
103D5R	Cardiomyopathies
103D5R	Cell Transformation, Neoplastic
103D5R	Cell Transformation, Neoplastic
103D5R	Cerebral Hemorrhage
103D5R	Ceroid Lipofuscinosis, Neuronal, 6
103D5R	Ceroid Lipofuscinosis, Neuronal, 6
103D5R	Cholangitis, Sclerosing
103D5R	Choroidal Neovascularization
103D5R	Cocaine-Related Disorders
103D5R	Cocaine-Related Disorders
103D5R	Colonic Neoplasms
103D5R	Colonic Neoplasms
103D5R	Colorectal Neoplasms
103D5R	Corneal Neovascularization
103D5R	Coronary Artery Disease
103D5R	Dermatitis, Atopic
103D5R	Developmental Disabilities
103D5R	De Vivo disease
103D5R	Diabetes Mellitus, Experimental
103D5R	Diabetes Mellitus, Type 2
103D5R	Diabetes Mellitus, Type 2
103D5R	Diabetic Nephropathies
103D5R	Diabetic Retinopathy
103D5R	Endometrial Neoplasms
103D5R	Epilepsy
103D5R	Epilepsy, Temporal Lobe
103D5R	Erectile Dysfunction
103D5R	Esophageal Squamous Cell Carcinoma
103D5R	Glioblastoma
103D5R	Glioblastoma
103D5R	Gliosarcoma
103D5R	Gliosis
103D5R	Gliosis
103D5R	Glomerulonephritis, IGA
103D5R	GLUT1 DEFICIENCY SYNDROME 2
103D5R	Head and Neck Neoplasms
103D5R	Head and Neck Neoplasms
103D5R	Head and Neck Neoplasms
103D5R	Heart Diseases
103D5R	Heart Failure
103D5R	Heart Failure
103D5R	Hemangioblastoma
103D5R	Hemangiosarcoma
103D5R	Hyperalgesia
103D5R	Hyperalgesia
103D5R	Hyperplasia
103D5R	Hyperplasia
103D5R	Hypertension
103D5R	Hypertension, Portal
103D5R	Hypertension, Pulmonary
103D5R	Hypertrophy
103D5R	Hypertrophy
103D5R	Infertility, Female
103D5R	Infertility, Female
103D5R	Inflammation
103D5R	Intellectual Disability
103D5R	Kidney Neoplasms
103D5R	Kidney Neoplasms
103D5R	Learning Disorders
103D5R	Leukemia, Myeloid
103D5R	Leukemia, Promyelocytic, Acute
103D5R	Liver Cirrhosis
103D5R	Liver Cirrhosis, Biliary
103D5R	Liver Cirrhosis, Experimental
103D5R	Liver Failure
103D5R	Liver Failure, Acute
103D5R	Lung Diseases
103D5R	Lung Diseases
103D5R	Lung Neoplasms
103D5R	Lung Neoplasms
103D5R	Lung Neoplasms
103D5R	Macular Degeneration
103D5R	Macular Edema
103D5R	Marijuana Abuse
103D5R	Memory Disorders
103D5R	Meningioma
103D5R	Metabolism, Inborn Errors
103D5R	Microcephaly
103D5R	MICROVASCULAR COMPLICATIONS OF DIABETES, SUSCEPTIBILITY TO, 1
103D5R	Muscular Atrophy
103D5R	Myocardial Ischemia
103D5R	Myocardial Reperfusion Injury
103D5R	Myocardial Reperfusion Injury
103D5R	Neoplasm Invasiveness
103D5R	Neoplasm Invasiveness
103D5R	Neoplasm Invasiveness
103D5R	Neoplasm Metastasis
103D5R	Neoplasm Metastasis
103D5R	Neoplasm Metastasis
103D5R	Neoplasms
103D5R	Neoplasms, Experimental
103D5R	Neovascularization, Pathologic
103D5R	Nerve Degeneration
103D5R	Nerve Degeneration
103D5R	Nervous System Diseases
103D5R	Obesity
103D5R	Osteoarthritis
103D5R	Osteochondrodysplasias
103D5R	Ovarian Neoplasms
103D5R	Ovarian Neoplasms
103D5R	Ovarian Neoplasms
103D5R	Ovarian Neoplasms
103D5R	Pain
103D5R	Pancreatic Neoplasms
103D5R	Pneumonia, Pneumococcal
103D5R	Pneumonia, Pneumococcal
103D5R	Precancerous Conditions
103D5R	Precancerous Conditions
103D5R	Prostatic Neoplasms
103D5R	Prostatic Neoplasms
103D5R	Prostatic Neoplasms
103D5R	Proteinuria
103D5R	Psoriasis
103D5R	Psychoses, Substance-Induced
103D5R	Radiation Injuries, Experimental
103D5R	Radiation Injuries, Experimental
103D5R	Reperfusion Injury
103D5R	Retinal Diseases
103D5R	Retinal Vein Occlusion
103D5R	Rhabdomyosarcoma
103D5R	Schizophrenia
103D5R	Seizures
103D5R	Sepsis
103D5R	Sepsis
103D5R	Skin Neoplasms
103D5R	Skin Neoplasms
103D5R	Spinal Cord Injuries
103D5R	Spinal Cord Injuries
103D5R	Status Epilepticus
103D5R	Stomach Neoplasms
103D5R	Stomach Neoplasms
103D5R	Stomach Neoplasms
103D5R	Stomach Ulcer
103D5R	Substance Withdrawal Syndrome
103D5R	Substance Withdrawal Syndrome
103D5R	Thrombotic Microangiopathies
103D5R	Thyroid Neoplasms
10-(6'-ubiquinonyl)decyltriphenylphosphonium bromide	Acute Coronary Syndrome
10-(6'-ubiquinonyl)decyltriphenylphosphonium bromide	Acute Kidney Injury
10-(6'-ubiquinonyl)decyltriphenylphosphonium bromide	Adenocarcinoma
10-(6'-ubiquinonyl)decyltriphenylphosphonium bromide	Adenocarcinoma of lung
10-(6'-ubiquinonyl)decyltriphenylphosphonium bromide	Adenomatous Polyposis Coli
10-(6'-ubiquinonyl)decyltriphenylphosphonium bromide	Adrenoleukodystrophy
10-(6'-ubiquinonyl)decyltriphenylphosphonium bromide	Albuminuria
10-(6'-ubiquinonyl)decyltriphenylphosphonium bromide	Alveolitis, Extrinsic Allergic
10-(6'-ubiquinonyl)decyltriphenylphosphonium bromide	Alzheimer Disease
10-(6'-ubiquinonyl)decyltriphenylphosphonium bromide	Alzheimer Disease
10-(6'-ubiquinonyl)decyltriphenylphosphonium bromide	Amyotrophic Lateral Sclerosis
10-(6'-ubiquinonyl)decyltriphenylphosphonium bromide	Anemia
10-(6'-ubiquinonyl)decyltriphenylphosphonium bromide	Anemia, Sideroblastic
10-(6'-ubiquinonyl)decyltriphenylphosphonium bromide	Anoxia
10-(6'-ubiquinonyl)decyltriphenylphosphonium bromide	Aortic Aneurysm, Abdominal
10-(6'-ubiquinonyl)decyltriphenylphosphonium bromide	Arsenic Poisoning
10-(6'-ubiquinonyl)decyltriphenylphosphonium bromide	Arthritis, Psoriatic
10-(6'-ubiquinonyl)decyltriphenylphosphonium bromide	Arthritis, Rheumatoid
10-(6'-ubiquinonyl)decyltriphenylphosphonium bromide	Asbestosis
10-(6'-ubiquinonyl)decyltriphenylphosphonium bromide	Asphyxia Neonatorum
10-(6'-ubiquinonyl)decyltriphenylphosphonium bromide	Asthma
10-(6'-ubiquinonyl)decyltriphenylphosphonium bromide	Atherosclerosis
10-(6'-ubiquinonyl)decyltriphenylphosphonium bromide	Atherosclerosis
10-(6'-ubiquinonyl)decyltriphenylphosphonium bromide	Autistic Disorder
10-(6'-ubiquinonyl)decyltriphenylphosphonium bromide	Autoimmune Diseases
10-(6'-ubiquinonyl)decyltriphenylphosphonium bromide	Brain Edema
10-(6'-ubiquinonyl)decyltriphenylphosphonium bromide	Brain Injuries
10-(6'-ubiquinonyl)decyltriphenylphosphonium bromide	Brain Ischemia
10-(6'-ubiquinonyl)decyltriphenylphosphonium bromide	Brain Ischemia
10-(6'-ubiquinonyl)decyltriphenylphosphonium bromide	Brain Ischemia
10-(6'-ubiquinonyl)decyltriphenylphosphonium bromide	Brain Ischemia
10-(6'-ubiquinonyl)decyltriphenylphosphonium bromide	Brain Neoplasms
10-(6'-ubiquinonyl)decyltriphenylphosphonium bromide	Breast Neoplasms
10-(6'-ubiquinonyl)decyltriphenylphosphonium bromide	Breast Neoplasms
10-(6'-ubiquinonyl)decyltriphenylphosphonium bromide	Bronchial Diseases
10-(6'-ubiquinonyl)decyltriphenylphosphonium bromide	Burns
10-(6'-ubiquinonyl)decyltriphenylphosphonium bromide	Calcinosis
10-(6'-ubiquinonyl)decyltriphenylphosphonium bromide	Carcinoma
10-(6'-ubiquinonyl)decyltriphenylphosphonium bromide	Carcinoma, Ductal, Breast
10-(6'-ubiquinonyl)decyltriphenylphosphonium bromide	Carcinoma, Hepatocellular
10-(6'-ubiquinonyl)decyltriphenylphosphonium bromide	Carcinoma, Non-Small-Cell Lung
10-(6'-ubiquinonyl)decyltriphenylphosphonium bromide	Carcinoma, Renal Cell
10-(6'-ubiquinonyl)decyltriphenylphosphonium bromide	Carcinoma, Squamous Cell
10-(6'-ubiquinonyl)decyltriphenylphosphonium bromide	Carcinoma, squamous cell of head and neck
10-(6'-ubiquinonyl)decyltriphenylphosphonium bromide	Cardiomegaly
10-(6'-ubiquinonyl)decyltriphenylphosphonium bromide	Cardiomyopathy, Dilated
10-(6'-ubiquinonyl)decyltriphenylphosphonium bromide	Cardiovascular Abnormalities
10-(6'-ubiquinonyl)decyltriphenylphosphonium bromide	Cataract and cardiomyopathy
10-(6'-ubiquinonyl)decyltriphenylphosphonium bromide	Cell Transformation, Neoplastic
10-(6'-ubiquinonyl)decyltriphenylphosphonium bromide	Cell Transformation, Neoplastic
10-(6'-ubiquinonyl)decyltriphenylphosphonium bromide	Central Nervous System Diseases
10-(6'-ubiquinonyl)decyltriphenylphosphonium bromide	Cerebral Hemorrhage
10-(6'-ubiquinonyl)decyltriphenylphosphonium bromide	Chloracne
10-(6'-ubiquinonyl)decyltriphenylphosphonium bromide	Cholangiocarcinoma
10-(6'-ubiquinonyl)decyltriphenylphosphonium bromide	Cholangitis, Sclerosing
10-(6'-ubiquinonyl)decyltriphenylphosphonium bromide	Cholestasis
10-(6'-ubiquinonyl)decyltriphenylphosphonium bromide	Colitis
10-(6'-ubiquinonyl)decyltriphenylphosphonium bromide	Colitis, Ulcerative
10-(6'-ubiquinonyl)decyltriphenylphosphonium bromide	Colonic Neoplasms
10-(6'-ubiquinonyl)decyltriphenylphosphonium bromide	Colonic Neoplasms
10-(6'-ubiquinonyl)decyltriphenylphosphonium bromide	Colorectal Neoplasms
10-(6'-ubiquinonyl)decyltriphenylphosphonium bromide	Depressive Disorder, Major
10-(6'-ubiquinonyl)decyltriphenylphosphonium bromide	Diabetes, Gestational
10-(6'-ubiquinonyl)decyltriphenylphosphonium bromide	Diabetes Mellitus, Experimental
10-(6'-ubiquinonyl)decyltriphenylphosphonium bromide	Diabetes Mellitus, Experimental
10-(6'-ubiquinonyl)decyltriphenylphosphonium bromide	Diabetes Mellitus, Experimental
10-(6'-ubiquinonyl)decyltriphenylphosphonium bromide	Diabetes Mellitus, Type 2
10-(6'-ubiquinonyl)decyltriphenylphosphonium bromide	Diabetes Mellitus, Type 2
10-(6'-ubiquinonyl)decyltriphenylphosphonium bromide	Diabetes Mellitus, Type 2
10-(6'-ubiquinonyl)decyltriphenylphosphonium bromide	Diabetic Neuropathies
10-(6'-ubiquinonyl)decyltriphenylphosphonium bromide	Diabetic Retinopathy
10-(6'-ubiquinonyl)decyltriphenylphosphonium bromide	Disease Progression
10-(6'-ubiquinonyl)decyltriphenylphosphonium bromide	Duodenal Ulcer
10-(6'-ubiquinonyl)decyltriphenylphosphonium bromide	Edema
10-(6'-ubiquinonyl)decyltriphenylphosphonium bromide	Emphysema
10-(6'-ubiquinonyl)decyltriphenylphosphonium bromide	Endotoxemia
10-(6'-ubiquinonyl)decyltriphenylphosphonium bromide	Endotoxemia
10-(6'-ubiquinonyl)decyltriphenylphosphonium bromide	Enterocolitis, Necrotizing
10-(6'-ubiquinonyl)decyltriphenylphosphonium bromide	Enterocolitis, Necrotizing
10-(6'-ubiquinonyl)decyltriphenylphosphonium bromide	Esophageal Neoplasms
10-(6'-ubiquinonyl)decyltriphenylphosphonium bromide	Esophageal Neoplasms
10-(6'-ubiquinonyl)decyltriphenylphosphonium bromide	Esophageal Squamous Cell Carcinoma
10-(6'-ubiquinonyl)decyltriphenylphosphonium bromide	Esophageal Stenosis
10-(6'-ubiquinonyl)decyltriphenylphosphonium bromide	Esophagitis
10-(6'-ubiquinonyl)decyltriphenylphosphonium bromide	Farber Lipogranulomatosis
10-(6'-ubiquinonyl)decyltriphenylphosphonium bromide	Fatty Liver
10-(6'-ubiquinonyl)decyltriphenylphosphonium bromide	Fatty Liver
10-(6'-ubiquinonyl)decyltriphenylphosphonium bromide	Fever
10-(6'-ubiquinonyl)decyltriphenylphosphonium bromide	Fibrosis
10-(6'-ubiquinonyl)decyltriphenylphosphonium bromide	Glomerulosclerosis, Focal Segmental
10-(6'-ubiquinonyl)decyltriphenylphosphonium bromide	Granuloma, Respiratory Tract
10-(6'-ubiquinonyl)decyltriphenylphosphonium bromide	Heart Diseases
10-(6'-ubiquinonyl)decyltriphenylphosphonium bromide	Heart Failure
10-(6'-ubiquinonyl)decyltriphenylphosphonium bromide	Heart Failure
10-(6'-ubiquinonyl)decyltriphenylphosphonium bromide	Heart Valve Diseases
10-(6'-ubiquinonyl)decyltriphenylphosphonium bromide	Hyperalgesia
10-(6'-ubiquinonyl)decyltriphenylphosphonium bromide	Hyperemia
10-(6'-ubiquinonyl)decyltriphenylphosphonium bromide	Hypertension
10-(6'-ubiquinonyl)decyltriphenylphosphonium bromide	Hypertension
10-(6'-ubiquinonyl)decyltriphenylphosphonium bromide	Hypertension, Essential
10-(6'-ubiquinonyl)decyltriphenylphosphonium bromide	Hypertension, Pulmonary
10-(6'-ubiquinonyl)decyltriphenylphosphonium bromide	Hyperthyroidism
10-(6'-ubiquinonyl)decyltriphenylphosphonium bromide	Hypoglycemia
10-(6'-ubiquinonyl)decyltriphenylphosphonium bromide	Infarction, Middle Cerebral Artery
10-(6'-ubiquinonyl)decyltriphenylphosphonium bromide	Infertility, Male
10-(6'-ubiquinonyl)decyltriphenylphosphonium bromide	Inflammation
10-(6'-ubiquinonyl)decyltriphenylphosphonium bromide	Insulin Resistance
10-(6'-ubiquinonyl)decyltriphenylphosphonium bromide	Intestinal Diseases
10-(6'-ubiquinonyl)decyltriphenylphosphonium bromide	Ischemia
10-(6'-ubiquinonyl)decyltriphenylphosphonium bromide	Ischemia
10-(6'-ubiquinonyl)decyltriphenylphosphonium bromide	Ischemic Attack, Transient
10-(6'-ubiquinonyl)decyltriphenylphosphonium bromide	Ischemic Attack, Transient
10-(6'-ubiquinonyl)decyltriphenylphosphonium bromide	Kidney Diseases
10-(6'-ubiquinonyl)decyltriphenylphosphonium bromide	Kidney Diseases
10-(6'-ubiquinonyl)decyltriphenylphosphonium bromide	Kidney Neoplasms
10-(6'-ubiquinonyl)decyltriphenylphosphonium bromide	Kidney Tubular Necrosis, Acute
10-(6'-ubiquinonyl)decyltriphenylphosphonium bromide	Lewy Body Disease
10-(6'-ubiquinonyl)decyltriphenylphosphonium bromide	Liver Cirrhosis, Alcoholic
10-(6'-ubiquinonyl)decyltriphenylphosphonium bromide	Liver Cirrhosis, Experimental
10-(6'-ubiquinonyl)decyltriphenylphosphonium bromide	Liver Diseases
10-(6'-ubiquinonyl)decyltriphenylphosphonium bromide	Lung Diseases
10-(6'-ubiquinonyl)decyltriphenylphosphonium bromide	Lung Diseases, Interstitial
10-(6'-ubiquinonyl)decyltriphenylphosphonium bromide	Lung Neoplasms
10-(6'-ubiquinonyl)decyltriphenylphosphonium bromide	Lymphatic Metastasis
10-(6'-ubiquinonyl)decyltriphenylphosphonium bromide	Lymphoma, Large B-Cell, Diffuse
10-(6'-ubiquinonyl)decyltriphenylphosphonium bromide	Malaria
10-(6'-ubiquinonyl)decyltriphenylphosphonium bromide	Mammary Neoplasms, Experimental
10-(6'-ubiquinonyl)decyltriphenylphosphonium bromide	Manganese Poisoning
10-(6'-ubiquinonyl)decyltriphenylphosphonium bromide	MELAS Syndrome
10-(6'-ubiquinonyl)decyltriphenylphosphonium bromide	Mesothelioma
10-(6'-ubiquinonyl)decyltriphenylphosphonium bromide	Methylmalonic acidemia
10-(6'-ubiquinonyl)decyltriphenylphosphonium bromide	Methylmalonic acidemia
10-(6'-ubiquinonyl)decyltriphenylphosphonium bromide	MICROVASCULAR COMPLICATIONS OF DIABETES, SUSCEPTIBILITY TO, 6
10-(6'-ubiquinonyl)decyltriphenylphosphonium bromide	Mitochondrial Diseases
10-(6'-ubiquinonyl)decyltriphenylphosphonium bromide	Mitochondrial Diseases
10-(6'-ubiquinonyl)decyltriphenylphosphonium bromide	Mouth Neoplasms
10-(6'-ubiquinonyl)decyltriphenylphosphonium bromide	Multiple Chemical Sensitivity
10-(6'-ubiquinonyl)decyltriphenylphosphonium bromide	Multiple Myeloma
10-(6'-ubiquinonyl)decyltriphenylphosphonium bromide	Mycoplasma Infections
10-(6'-ubiquinonyl)decyltriphenylphosphonium bromide	Mycoplasma Infections
10-(6'-ubiquinonyl)decyltriphenylphosphonium bromide	Myocardial Infarction
10-(6'-ubiquinonyl)decyltriphenylphosphonium bromide	Myocardial Infarction
10-(6'-ubiquinonyl)decyltriphenylphosphonium bromide	Myocardial Infarction
10-(6'-ubiquinonyl)decyltriphenylphosphonium bromide	Myocardial Ischemia
10-(6'-ubiquinonyl)decyltriphenylphosphonium bromide	Myocardial Reperfusion Injury
10-(6'-ubiquinonyl)decyltriphenylphosphonium bromide	Myocardial Reperfusion Injury
10-(6'-ubiquinonyl)decyltriphenylphosphonium bromide	Myocardial Stunning
10-(6'-ubiquinonyl)decyltriphenylphosphonium bromide	Nasopharyngeal carcinoma
10-(6'-ubiquinonyl)decyltriphenylphosphonium bromide	Necrosis
10-(6'-ubiquinonyl)decyltriphenylphosphonium bromide	Necrosis
10-(6'-ubiquinonyl)decyltriphenylphosphonium bromide	Neoplasm Invasiveness
10-(6'-ubiquinonyl)decyltriphenylphosphonium bromide	Neoplasm Metastasis
10-(6'-ubiquinonyl)decyltriphenylphosphonium bromide	Neoplasms
10-(6'-ubiquinonyl)decyltriphenylphosphonium bromide	Nephrotic Syndrome
10-(6'-ubiquinonyl)decyltriphenylphosphonium bromide	Nerve Degeneration
10-(6'-ubiquinonyl)decyltriphenylphosphonium bromide	Nerve Degeneration
10-(6'-ubiquinonyl)decyltriphenylphosphonium bromide	Nervous System Diseases
10-(6'-ubiquinonyl)decyltriphenylphosphonium bromide	Neurodegenerative Diseases
10-(6'-ubiquinonyl)decyltriphenylphosphonium bromide	Neurotoxicity Syndromes
10-(6'-ubiquinonyl)decyltriphenylphosphonium bromide	Obesity
10-(6'-ubiquinonyl)decyltriphenylphosphonium bromide	Obesity
10-(6'-ubiquinonyl)decyltriphenylphosphonium bromide	Ophthalmoplegia, Chronic Progressive External
10-(6'-ubiquinonyl)decyltriphenylphosphonium bromide	Osteoarthritis
10-(6'-ubiquinonyl)decyltriphenylphosphonium bromide	Osteoporosis
10-(6'-ubiquinonyl)decyltriphenylphosphonium bromide	Ovarian Neoplasms
10-(6'-ubiquinonyl)decyltriphenylphosphonium bromide	Pancreatic Carcinoma
10-(6'-ubiquinonyl)decyltriphenylphosphonium bromide	Pancreatic Neoplasms
10-(6'-ubiquinonyl)decyltriphenylphosphonium bromide	Papilloma
10-(6'-ubiquinonyl)decyltriphenylphosphonium bromide	Parkinson Disease
10-(6'-ubiquinonyl)decyltriphenylphosphonium bromide	Parkinsonian Disorders
10-(6'-ubiquinonyl)decyltriphenylphosphonium bromide	Peripheral Nervous System Diseases
10-(6'-ubiquinonyl)decyltriphenylphosphonium bromide	PLASMODIUM FALCIPARUM BLOOD INFECTION LEVEL
10-(6'-ubiquinonyl)decyltriphenylphosphonium bromide	Pneumonia, Aspiration
10-(6'-ubiquinonyl)decyltriphenylphosphonium bromide	Precancerous Conditions
10-(6'-ubiquinonyl)decyltriphenylphosphonium bromide	Prostatic Neoplasms
10-(6'-ubiquinonyl)decyltriphenylphosphonium bromide	Psoriasis
10-(6'-ubiquinonyl)decyltriphenylphosphonium bromide	Psoriasis
10-(6'-ubiquinonyl)decyltriphenylphosphonium bromide	Psychoses, Substance-Induced
10-(6'-ubiquinonyl)decyltriphenylphosphonium bromide	Pulmonary Disease, Chronic Obstructive
10-(6'-ubiquinonyl)decyltriphenylphosphonium bromide	Radiation Injuries
10-(6'-ubiquinonyl)decyltriphenylphosphonium bromide	Radiation Injuries, Experimental
10-(6'-ubiquinonyl)decyltriphenylphosphonium bromide	Reperfusion Injury
10-(6'-ubiquinonyl)decyltriphenylphosphonium bromide	Reperfusion Injury
10-(6'-ubiquinonyl)decyltriphenylphosphonium bromide	Reperfusion Injury
10-(6'-ubiquinonyl)decyltriphenylphosphonium bromide	Reticulocytosis
10-(6'-ubiquinonyl)decyltriphenylphosphonium bromide	Retinal Detachment
10-(6'-ubiquinonyl)decyltriphenylphosphonium bromide	Retinal Diseases
10-(6'-ubiquinonyl)decyltriphenylphosphonium bromide	Sarcoidosis
10-(6'-ubiquinonyl)decyltriphenylphosphonium bromide	Schistosomiasis mansoni
10-(6'-ubiquinonyl)decyltriphenylphosphonium bromide	Seizures
10-(6'-ubiquinonyl)decyltriphenylphosphonium bromide	Seizures
10-(6'-ubiquinonyl)decyltriphenylphosphonium bromide	Sepsis
10-(6'-ubiquinonyl)decyltriphenylphosphonium bromide	Sepsis
10-(6'-ubiquinonyl)decyltriphenylphosphonium bromide	Shock, Septic
10-(6'-ubiquinonyl)decyltriphenylphosphonium bromide	Silicosis
10-(6'-ubiquinonyl)decyltriphenylphosphonium bromide	Skin Diseases
10-(6'-ubiquinonyl)decyltriphenylphosphonium bromide	Skin Neoplasms
10-(6'-ubiquinonyl)decyltriphenylphosphonium bromide	Spinal Cord Injuries
10-(6'-ubiquinonyl)decyltriphenylphosphonium bromide	Spinal Dysraphism
10-(6'-ubiquinonyl)decyltriphenylphosphonium bromide	Status Epilepticus
10-(6'-ubiquinonyl)decyltriphenylphosphonium bromide	Status Epilepticus
10-(6'-ubiquinonyl)decyltriphenylphosphonium bromide	Stevens-Johnson Syndrome
10-(6'-ubiquinonyl)decyltriphenylphosphonium bromide	Stomach Neoplasms
10-(6'-ubiquinonyl)decyltriphenylphosphonium bromide	Stomach Ulcer
10-(6'-ubiquinonyl)decyltriphenylphosphonium bromide	Stroke
10-(6'-ubiquinonyl)decyltriphenylphosphonium bromide	Subarachnoid Hemorrhage
10-(6'-ubiquinonyl)decyltriphenylphosphonium bromide	Subarachnoid Hemorrhage
10-(6'-ubiquinonyl)decyltriphenylphosphonium bromide	Substance Withdrawal Syndrome
10-(6'-ubiquinonyl)decyltriphenylphosphonium bromide	Thrombocytopenia
10-(6'-ubiquinonyl)decyltriphenylphosphonium bromide	Thrombocytopenia 4
10-(6'-ubiquinonyl)decyltriphenylphosphonium bromide	Thyroid Carcinoma, Anaplastic
10-(6'-ubiquinonyl)decyltriphenylphosphonium bromide	Tongue Neoplasms
10-(6'-ubiquinonyl)decyltriphenylphosphonium bromide	Urinary Bladder Neoplasms
10-(6'-ubiquinonyl)decyltriphenylphosphonium bromide	Urinary Tract Infections
10-(6'-ubiquinonyl)decyltriphenylphosphonium bromide	Uveitis
10-(6'-ubiquinonyl)decyltriphenylphosphonium bromide	Vascular Diseases
10-(6'-ubiquinonyl)decyltriphenylphosphonium bromide	Ventricular Dysfunction, Left
10-decarbamoylmitomycin C	Acute Kidney Injury
10-decarbamoylmitomycin C	Adenocarcinoma
10-decarbamoylmitomycin C	Adenocarcinoma, Clear Cell
10-decarbamoylmitomycin C	Adenocarcinoma Of Esophagus
10-decarbamoylmitomycin C	Adenoma
10-decarbamoylmitomycin C	Adrenal Gland Neoplasms
10-decarbamoylmitomycin C	Adrenocortical Carcinoma
10-decarbamoylmitomycin C	Adrenocortical Carcinoma, Hereditary
10-decarbamoylmitomycin C	Alzheimer Disease
10-decarbamoylmitomycin C	Amyotrophic Lateral Sclerosis
10-decarbamoylmitomycin C	Arsenic Poisoning
10-decarbamoylmitomycin C	Balkan Nephropathy
10-decarbamoylmitomycin C	Brain Ischemia
10-decarbamoylmitomycin C	Brain Ischemia
10-decarbamoylmitomycin C	Brain Ischemia
10-decarbamoylmitomycin C	Breast Neoplasms
10-decarbamoylmitomycin C	Calcinosis
10-decarbamoylmitomycin C	Carcinoma
10-decarbamoylmitomycin C	Carcinoma, Adenoid Cystic
10-decarbamoylmitomycin C	Carcinoma, Basal Cell
10-decarbamoylmitomycin C	Carcinoma, Hepatocellular
10-decarbamoylmitomycin C	Carcinoma, Non-Small-Cell Lung
10-decarbamoylmitomycin C	Carcinoma, Renal Cell
10-decarbamoylmitomycin C	Carcinoma, Small Cell
10-decarbamoylmitomycin C	Carcinoma, Squamous Cell
10-decarbamoylmitomycin C	Carcinoma, squamous cell of head and neck
10-decarbamoylmitomycin C	Carcinoma, Transitional Cell
10-decarbamoylmitomycin C	Carcinoma, Transitional Cell
10-decarbamoylmitomycin C	Cardiomyopathy, Hypertrophic
10-decarbamoylmitomycin C	Carotid Artery Diseases
10-decarbamoylmitomycin C	Cell Transformation, Neoplastic
10-decarbamoylmitomycin C	Cerebral Hemorrhage
10-decarbamoylmitomycin C	Cholangiocarcinoma
10-decarbamoylmitomycin C	Chromosome 17 deletion
10-decarbamoylmitomycin C	Colitis, Ulcerative
10-decarbamoylmitomycin C	Colonic Neoplasms
10-decarbamoylmitomycin C	Colonic Neoplasms
10-decarbamoylmitomycin C	Colorectal Neoplasms
10-decarbamoylmitomycin C	Demyelinating Diseases
10-decarbamoylmitomycin C	Diabetes Mellitus, Experimental
10-decarbamoylmitomycin C	Diabetes Mellitus, Experimental
10-decarbamoylmitomycin C	Diabetes Mellitus, Type 2
10-decarbamoylmitomycin C	Diabetic Neuropathies
10-decarbamoylmitomycin C	Diabetic Retinopathy
10-decarbamoylmitomycin C	Edema
10-decarbamoylmitomycin C	Edema
10-decarbamoylmitomycin C	Emphysema
10-decarbamoylmitomycin C	Esophageal Neoplasms
10-decarbamoylmitomycin C	Esophageal Squamous Cell Carcinoma
10-decarbamoylmitomycin C	Esophageal Squamous Cell Carcinoma
10-decarbamoylmitomycin C	Gallbladder Neoplasms
10-decarbamoylmitomycin C	Glioma
10-decarbamoylmitomycin C	Glomerulonephritis, IGA
10-decarbamoylmitomycin C	Heart Valve Diseases
10-decarbamoylmitomycin C	Hemangiosarcoma
10-decarbamoylmitomycin C	HIV Infections
10-decarbamoylmitomycin C	Hypertension
10-decarbamoylmitomycin C	Infertility, Female
10-decarbamoylmitomycin C	Infertility, Male
10-decarbamoylmitomycin C	Intestinal Neoplasms
10-decarbamoylmitomycin C	Ischemia
10-decarbamoylmitomycin C	Ischemic Attack, Transient
10-decarbamoylmitomycin C	Keratosis
10-decarbamoylmitomycin C	Kidney Diseases
10-decarbamoylmitomycin C	Leukemia, Lymphocytic, Chronic, B-Cell
10-decarbamoylmitomycin C	Leukemia, Megakaryoblastic, of Down Syndrome
10-decarbamoylmitomycin C	Liver Diseases, Parasitic
10-decarbamoylmitomycin C	Liver Neoplasms
10-decarbamoylmitomycin C	Liver Neoplasms, Experimental
10-decarbamoylmitomycin C	Lung Neoplasms
10-decarbamoylmitomycin C	Lung Neoplasms
10-decarbamoylmitomycin C	Melanoma
10-decarbamoylmitomycin C	Mouth Neoplasms
10-decarbamoylmitomycin C	Muscular Dystrophy, Facioscapulohumeral
10-decarbamoylmitomycin C	Mycoplasma Infections
10-decarbamoylmitomycin C	Myocardial Infarction
10-decarbamoylmitomycin C	Myocardial Reperfusion Injury
10-decarbamoylmitomycin C	Myocardial Reperfusion Injury
10-decarbamoylmitomycin C	Nasopharyngeal carcinoma
10-decarbamoylmitomycin C	Neoplasm Metastasis
10-decarbamoylmitomycin C	Nerve Degeneration
10-decarbamoylmitomycin C	Nervous System Diseases
10-decarbamoylmitomycin C	Nervous System Diseases
10-decarbamoylmitomycin C	Neurotoxicity Syndromes
10-decarbamoylmitomycin C	Osteosarcoma
10-decarbamoylmitomycin C	Pancreatic Neoplasms
10-decarbamoylmitomycin C	Papilloma
10-decarbamoylmitomycin C	Papilloma, Choroid Plexus
10-decarbamoylmitomycin C	Penile Neoplasms
10-decarbamoylmitomycin C	Peripheral Nervous System Diseases
10-decarbamoylmitomycin C	Peripheral Nervous System Diseases
10-decarbamoylmitomycin C	Polyploidy
10-decarbamoylmitomycin C	Precursor Cell Lymphoblastic Leukemia-Lymphoma
10-decarbamoylmitomycin C	Prostatic Neoplasms
10-decarbamoylmitomycin C	Prostatic Neoplasms
10-decarbamoylmitomycin C	Prostatic Neoplasms
10-decarbamoylmitomycin C	Psoriasis
10-decarbamoylmitomycin C	Pulmonary Disease, Chronic Obstructive
10-decarbamoylmitomycin C	Reperfusion Injury
10-decarbamoylmitomycin C	Reperfusion Injury
10-decarbamoylmitomycin C	Retinal Detachment
10-decarbamoylmitomycin C	Retinal Detachment
10-decarbamoylmitomycin C	Sarcoma
10-decarbamoylmitomycin C	Sarcoma family syndrome of Li and Fraumeni
10-decarbamoylmitomycin C	Schizophrenia
10-decarbamoylmitomycin C	Sepsis
10-decarbamoylmitomycin C	Skin Neoplasms
10-decarbamoylmitomycin C	Small Cell Lung Carcinoma
10-decarbamoylmitomycin C	Spinal Cord Injuries
10-decarbamoylmitomycin C	Status Epilepticus
10-decarbamoylmitomycin C	Stomach Neoplasms
10-decarbamoylmitomycin C	Stomach Neoplasms
10-decarbamoylmitomycin C	Subarachnoid Hemorrhage
10-decarbamoylmitomycin C	Thymoma
10-decarbamoylmitomycin C	Thyroid Neoplasms
10-decarbamoylmitomycin C	Urinary Bladder Neoplasms
10-decarbamoylmitomycin C	Urinary Bladder Neoplasms
10-decarbamoylmitomycin C	Urogenital Neoplasms
10-decarbamoylmitomycin C	Urologic Neoplasms
10-decarbamoylmitomycin C	Vulvar Lichen Sclerosus
10-(fluoroethoxyphosphinyl)-N-(biotinamidopentyl)decanamide	Acute Kidney Injury
10-(fluoroethoxyphosphinyl)-N-(biotinamidopentyl)decanamide	Adenocarcinoma
10-(fluoroethoxyphosphinyl)-N-(biotinamidopentyl)decanamide	Adenocarcinoma of lung
10-(fluoroethoxyphosphinyl)-N-(biotinamidopentyl)decanamide	Adenocarcinoma of lung
10-(fluoroethoxyphosphinyl)-N-(biotinamidopentyl)decanamide	Alcoholism
10-(fluoroethoxyphosphinyl)-N-(biotinamidopentyl)decanamide	Alzheimer Disease
10-(fluoroethoxyphosphinyl)-N-(biotinamidopentyl)decanamide	Alzheimer Disease
10-(fluoroethoxyphosphinyl)-N-(biotinamidopentyl)decanamide	Alzheimer Disease
10-(fluoroethoxyphosphinyl)-N-(biotinamidopentyl)decanamide	Amphetamine-Related Disorders
10-(fluoroethoxyphosphinyl)-N-(biotinamidopentyl)decanamide	Amyloidosis
10-(fluoroethoxyphosphinyl)-N-(biotinamidopentyl)decanamide	Amyotrophic lateral sclerosis 1
10-(fluoroethoxyphosphinyl)-N-(biotinamidopentyl)decanamide	Anemia, hypochromic microcytic
10-(fluoroethoxyphosphinyl)-N-(biotinamidopentyl)decanamide	Angioedema
10-(fluoroethoxyphosphinyl)-N-(biotinamidopentyl)decanamide	Anoxia
10-(fluoroethoxyphosphinyl)-N-(biotinamidopentyl)decanamide	Anuria
10-(fluoroethoxyphosphinyl)-N-(biotinamidopentyl)decanamide	Apnea
10-(fluoroethoxyphosphinyl)-N-(biotinamidopentyl)decanamide	Autistic Disorder
10-(fluoroethoxyphosphinyl)-N-(biotinamidopentyl)decanamide	Bamforth syndrome
10-(fluoroethoxyphosphinyl)-N-(biotinamidopentyl)decanamide	Brain Diseases
10-(fluoroethoxyphosphinyl)-N-(biotinamidopentyl)decanamide	Brain Injuries
10-(fluoroethoxyphosphinyl)-N-(biotinamidopentyl)decanamide	Brain Ischemia
10-(fluoroethoxyphosphinyl)-N-(biotinamidopentyl)decanamide	Breast Neoplasms
10-(fluoroethoxyphosphinyl)-N-(biotinamidopentyl)decanamide	Breast Neoplasms
10-(fluoroethoxyphosphinyl)-N-(biotinamidopentyl)decanamide	Butyrylcholinesterase deficiency
10-(fluoroethoxyphosphinyl)-N-(biotinamidopentyl)decanamide	Carcinoma
10-(fluoroethoxyphosphinyl)-N-(biotinamidopentyl)decanamide	Carcinoma, Renal Cell
10-(fluoroethoxyphosphinyl)-N-(biotinamidopentyl)decanamide	Carcinoma, Renal Cell
10-(fluoroethoxyphosphinyl)-N-(biotinamidopentyl)decanamide	Carcinoma, Squamous Cell
10-(fluoroethoxyphosphinyl)-N-(biotinamidopentyl)decanamide	Cardiomyopathy, Familial Hypertrophic, 1
10-(fluoroethoxyphosphinyl)-N-(biotinamidopentyl)decanamide	Cardiovascular Diseases
10-(fluoroethoxyphosphinyl)-N-(biotinamidopentyl)decanamide	Cocaine-Related Disorders
10-(fluoroethoxyphosphinyl)-N-(biotinamidopentyl)decanamide	Cognition Disorders
10-(fluoroethoxyphosphinyl)-N-(biotinamidopentyl)decanamide	Congenital atransferrinemia
10-(fluoroethoxyphosphinyl)-N-(biotinamidopentyl)decanamide	Death
10-(fluoroethoxyphosphinyl)-N-(biotinamidopentyl)decanamide	Depressive Disorder
10-(fluoroethoxyphosphinyl)-N-(biotinamidopentyl)decanamide	Diabetic Angiopathies
10-(fluoroethoxyphosphinyl)-N-(biotinamidopentyl)decanamide	Diabetic Cardiomyopathies
10-(fluoroethoxyphosphinyl)-N-(biotinamidopentyl)decanamide	Diabetic Nephropathies
10-(fluoroethoxyphosphinyl)-N-(biotinamidopentyl)decanamide	Disease Models, Animal
10-(fluoroethoxyphosphinyl)-N-(biotinamidopentyl)decanamide	Drug-Induced Liver Injury
10-(fluoroethoxyphosphinyl)-N-(biotinamidopentyl)decanamide	Drug-Induced Liver Injury
10-(fluoroethoxyphosphinyl)-N-(biotinamidopentyl)decanamide	Drug-Related Side Effects and Adverse Reactions
10-(fluoroethoxyphosphinyl)-N-(biotinamidopentyl)decanamide	Drug-Related Side Effects and Adverse Reactions
10-(fluoroethoxyphosphinyl)-N-(biotinamidopentyl)decanamide	Epilepsy
10-(fluoroethoxyphosphinyl)-N-(biotinamidopentyl)decanamide	Epilepsy, Tonic-Clonic
10-(fluoroethoxyphosphinyl)-N-(biotinamidopentyl)decanamide	Fasciculation
10-(fluoroethoxyphosphinyl)-N-(biotinamidopentyl)decanamide	Fatty Liver
10-(fluoroethoxyphosphinyl)-N-(biotinamidopentyl)decanamide	Fibrosis
10-(fluoroethoxyphosphinyl)-N-(biotinamidopentyl)decanamide	Glioblastoma
10-(fluoroethoxyphosphinyl)-N-(biotinamidopentyl)decanamide	Glomerulonephritis
10-(fluoroethoxyphosphinyl)-N-(biotinamidopentyl)decanamide	Glomerulonephritis, Membranoproliferative
10-(fluoroethoxyphosphinyl)-N-(biotinamidopentyl)decanamide	Glomerulonephritis, Membranous
10-(fluoroethoxyphosphinyl)-N-(biotinamidopentyl)decanamide	Growth Disorders
10-(fluoroethoxyphosphinyl)-N-(biotinamidopentyl)decanamide	Heart Diseases
10-(fluoroethoxyphosphinyl)-N-(biotinamidopentyl)decanamide	Heart Failure
10-(fluoroethoxyphosphinyl)-N-(biotinamidopentyl)decanamide	Hemolytic-Uremic Syndrome
10-(fluoroethoxyphosphinyl)-N-(biotinamidopentyl)decanamide	Hepatitis
10-(fluoroethoxyphosphinyl)-N-(biotinamidopentyl)decanamide	HIV Infections
10-(fluoroethoxyphosphinyl)-N-(biotinamidopentyl)decanamide	HIV Seropositivity
10-(fluoroethoxyphosphinyl)-N-(biotinamidopentyl)decanamide	Hyperkeratosis, Epidermolytic
10-(fluoroethoxyphosphinyl)-N-(biotinamidopentyl)decanamide	Hyperkinesis
10-(fluoroethoxyphosphinyl)-N-(biotinamidopentyl)decanamide	Hypersensitivity
10-(fluoroethoxyphosphinyl)-N-(biotinamidopentyl)decanamide	Hypersensitivity, Delayed
10-(fluoroethoxyphosphinyl)-N-(biotinamidopentyl)decanamide	Hypertension
10-(fluoroethoxyphosphinyl)-N-(biotinamidopentyl)decanamide	Hyperthyroxinemia, Familial Dysalbuminemic
10-(fluoroethoxyphosphinyl)-N-(biotinamidopentyl)decanamide	Hypertriglyceridemia
10-(fluoroethoxyphosphinyl)-N-(biotinamidopentyl)decanamide	Hypertrophy, Left Ventricular
10-(fluoroethoxyphosphinyl)-N-(biotinamidopentyl)decanamide	Hypoalbuminemia
10-(fluoroethoxyphosphinyl)-N-(biotinamidopentyl)decanamide	Hypotension
10-(fluoroethoxyphosphinyl)-N-(biotinamidopentyl)decanamide	Ichthyosis, Cyclic, with Epidermolytic Hyperkeratosis
10-(fluoroethoxyphosphinyl)-N-(biotinamidopentyl)decanamide	Ichthyosis hystrix, Curth Macklin type
10-(fluoroethoxyphosphinyl)-N-(biotinamidopentyl)decanamide	Inflammation
10-(fluoroethoxyphosphinyl)-N-(biotinamidopentyl)decanamide	Iron Overload
10-(fluoroethoxyphosphinyl)-N-(biotinamidopentyl)decanamide	Keloid
10-(fluoroethoxyphosphinyl)-N-(biotinamidopentyl)decanamide	Keratoderma, Palmoplantar, Epidermolytic
10-(fluoroethoxyphosphinyl)-N-(biotinamidopentyl)decanamide	Keratosis palmoplantaris striata 1
10-(fluoroethoxyphosphinyl)-N-(biotinamidopentyl)decanamide	Keratosis palmoplantaris striata 3
10-(fluoroethoxyphosphinyl)-N-(biotinamidopentyl)decanamide	Kidney Diseases
10-(fluoroethoxyphosphinyl)-N-(biotinamidopentyl)decanamide	Kidney Failure, Chronic
10-(fluoroethoxyphosphinyl)-N-(biotinamidopentyl)decanamide	Learning Disorders
10-(fluoroethoxyphosphinyl)-N-(biotinamidopentyl)decanamide	Liver Cirrhosis
10-(fluoroethoxyphosphinyl)-N-(biotinamidopentyl)decanamide	Liver Cirrhosis, Experimental
10-(fluoroethoxyphosphinyl)-N-(biotinamidopentyl)decanamide	Liver Cirrhosis, Experimental
10-(fluoroethoxyphosphinyl)-N-(biotinamidopentyl)decanamide	Liver Cirrhosis, Experimental
10-(fluoroethoxyphosphinyl)-N-(biotinamidopentyl)decanamide	Liver Failure, Acute
10-(fluoroethoxyphosphinyl)-N-(biotinamidopentyl)decanamide	Lung Neoplasms
10-(fluoroethoxyphosphinyl)-N-(biotinamidopentyl)decanamide	Mammary Neoplasms, Animal
10-(fluoroethoxyphosphinyl)-N-(biotinamidopentyl)decanamide	Mammary Neoplasms, Experimental
10-(fluoroethoxyphosphinyl)-N-(biotinamidopentyl)decanamide	Memory Disorders
10-(fluoroethoxyphosphinyl)-N-(biotinamidopentyl)decanamide	Meningitis, Aseptic
10-(fluoroethoxyphosphinyl)-N-(biotinamidopentyl)decanamide	Movement Disorders
10-(fluoroethoxyphosphinyl)-N-(biotinamidopentyl)decanamide	Multiple Sclerosis
10-(fluoroethoxyphosphinyl)-N-(biotinamidopentyl)decanamide	Muscular Diseases
10-(fluoroethoxyphosphinyl)-N-(biotinamidopentyl)decanamide	Muscular Dystrophies
10-(fluoroethoxyphosphinyl)-N-(biotinamidopentyl)decanamide	Muscular Dystrophies
10-(fluoroethoxyphosphinyl)-N-(biotinamidopentyl)decanamide	Myocardial Reperfusion Injury
10-(fluoroethoxyphosphinyl)-N-(biotinamidopentyl)decanamide	MYOPATHY, CONGENITAL, WITH FIBER-TYPE DISPROPORTION
10-(fluoroethoxyphosphinyl)-N-(biotinamidopentyl)decanamide	Nemaline myopathy 3
10-(fluoroethoxyphosphinyl)-N-(biotinamidopentyl)decanamide	Neoplasm Invasiveness
10-(fluoroethoxyphosphinyl)-N-(biotinamidopentyl)decanamide	Nephritis
10-(fluoroethoxyphosphinyl)-N-(biotinamidopentyl)decanamide	Nephritis, Interstitial
10-(fluoroethoxyphosphinyl)-N-(biotinamidopentyl)decanamide	Nephrosis
10-(fluoroethoxyphosphinyl)-N-(biotinamidopentyl)decanamide	Nephrotic Syndrome
10-(fluoroethoxyphosphinyl)-N-(biotinamidopentyl)decanamide	Nephrotic Syndrome
10-(fluoroethoxyphosphinyl)-N-(biotinamidopentyl)decanamide	Nervous System Diseases
10-(fluoroethoxyphosphinyl)-N-(biotinamidopentyl)decanamide	Neuroblastoma
10-(fluoroethoxyphosphinyl)-N-(biotinamidopentyl)decanamide	Neurotoxicity Syndromes
10-(fluoroethoxyphosphinyl)-N-(biotinamidopentyl)decanamide	Obesity
10-(fluoroethoxyphosphinyl)-N-(biotinamidopentyl)decanamide	Obesity
10-(fluoroethoxyphosphinyl)-N-(biotinamidopentyl)decanamide	Occupational Diseases
10-(fluoroethoxyphosphinyl)-N-(biotinamidopentyl)decanamide	Organophosphate Poisoning
10-(fluoroethoxyphosphinyl)-N-(biotinamidopentyl)decanamide	Organophosphate Poisoning
10-(fluoroethoxyphosphinyl)-N-(biotinamidopentyl)decanamide	Pain
10-(fluoroethoxyphosphinyl)-N-(biotinamidopentyl)decanamide	Palmoplantar Keratoderma, Nonepidermolytic
10-(fluoroethoxyphosphinyl)-N-(biotinamidopentyl)decanamide	Pancreatic Diseases
10-(fluoroethoxyphosphinyl)-N-(biotinamidopentyl)decanamide	Pancreatitis
10-(fluoroethoxyphosphinyl)-N-(biotinamidopentyl)decanamide	Paralysis
10-(fluoroethoxyphosphinyl)-N-(biotinamidopentyl)decanamide	Paratuberculosis
10-(fluoroethoxyphosphinyl)-N-(biotinamidopentyl)decanamide	Paresis
10-(fluoroethoxyphosphinyl)-N-(biotinamidopentyl)decanamide	Poisoning
10-(fluoroethoxyphosphinyl)-N-(biotinamidopentyl)decanamide	Poisoning
10-(fluoroethoxyphosphinyl)-N-(biotinamidopentyl)decanamide	Poisoning
10-(fluoroethoxyphosphinyl)-N-(biotinamidopentyl)decanamide	Polycystic Ovary Syndrome
10-(fluoroethoxyphosphinyl)-N-(biotinamidopentyl)decanamide	Postoperative Complications
10-(fluoroethoxyphosphinyl)-N-(biotinamidopentyl)decanamide	Precancerous Conditions
10-(fluoroethoxyphosphinyl)-N-(biotinamidopentyl)decanamide	Prenatal Injuries
10-(fluoroethoxyphosphinyl)-N-(biotinamidopentyl)decanamide	Progressive External Ophthalmoplegia with Mitochondrial DNA Deletions, Autosomal Dominant, 1
10-(fluoroethoxyphosphinyl)-N-(biotinamidopentyl)decanamide	Progressive External Ophthalmoplegia with Mitochondrial DNA Deletions, Autosomal Dominant, 2
10-(fluoroethoxyphosphinyl)-N-(biotinamidopentyl)decanamide	Prostatic Neoplasms
10-(fluoroethoxyphosphinyl)-N-(biotinamidopentyl)decanamide	Prostatic Neoplasms
10-(fluoroethoxyphosphinyl)-N-(biotinamidopentyl)decanamide	Proteinuria
10-(fluoroethoxyphosphinyl)-N-(biotinamidopentyl)decanamide	Respiratory Distress Syndrome, Adult
10-(fluoroethoxyphosphinyl)-N-(biotinamidopentyl)decanamide	Respiratory Tract Diseases
10-(fluoroethoxyphosphinyl)-N-(biotinamidopentyl)decanamide	Restless Legs Syndrome
10-(fluoroethoxyphosphinyl)-N-(biotinamidopentyl)decanamide	Rhinitis, Allergic, Perennial
10-(fluoroethoxyphosphinyl)-N-(biotinamidopentyl)decanamide	Seizures
10-(fluoroethoxyphosphinyl)-N-(biotinamidopentyl)decanamide	Seizures
10-(fluoroethoxyphosphinyl)-N-(biotinamidopentyl)decanamide	Serum Sickness
10-(fluoroethoxyphosphinyl)-N-(biotinamidopentyl)decanamide	Sinusitis
10-(fluoroethoxyphosphinyl)-N-(biotinamidopentyl)decanamide	Skin Neoplasms
10-(fluoroethoxyphosphinyl)-N-(biotinamidopentyl)decanamide	Sleep Apnea Syndromes
10-(fluoroethoxyphosphinyl)-N-(biotinamidopentyl)decanamide	Spinocerebellar Ataxia 17
10-(fluoroethoxyphosphinyl)-N-(biotinamidopentyl)decanamide	Stevens-Johnson Syndrome
10-(fluoroethoxyphosphinyl)-N-(biotinamidopentyl)decanamide	Stomach Neoplasms
10-(fluoroethoxyphosphinyl)-N-(biotinamidopentyl)decanamide	Stroke
10-(fluoroethoxyphosphinyl)-N-(biotinamidopentyl)decanamide	Tachycardia
10-(fluoroethoxyphosphinyl)-N-(biotinamidopentyl)decanamide	Thrombocytopenia
10-(fluoroethoxyphosphinyl)-N-(biotinamidopentyl)decanamide	Trismus
10-(fluoroethoxyphosphinyl)-N-(biotinamidopentyl)decanamide	Urticaria
10-(fluoroethoxyphosphinyl)-N-(biotinamidopentyl)decanamide	Uveitis
10-(fluoroethoxyphosphinyl)-N-(biotinamidopentyl)decanamide	ZINC, ELEVATED PLASMA
10-hydroxycamptothecin	Adenocarcinoma
10-hydroxycamptothecin	Adenocarcinoma, Clear Cell
10-hydroxycamptothecin	Adenoma
10-hydroxycamptothecin	Adenoma
10-hydroxycamptothecin	AIDS-related Kaposi sarcoma
10-hydroxycamptothecin	Alzheimer Disease
10-hydroxycamptothecin	Alzheimer Disease
10-hydroxycamptothecin	Amyotrophic lateral sclerosis 1
10-hydroxycamptothecin	Asbestosis
10-hydroxycamptothecin	Asthma
10-hydroxycamptothecin	Autistic Disorder
10-hydroxycamptothecin	Azoospermia
10-hydroxycamptothecin	Brain Ischemia
10-hydroxycamptothecin	Breast Neoplasms
10-hydroxycamptothecin	Breast Neoplasms
10-hydroxycamptothecin	Calcinosis
10-hydroxycamptothecin	Carcinoma
10-hydroxycamptothecin	Carcinoma
10-hydroxycamptothecin	Carcinoma, Hepatocellular
10-hydroxycamptothecin	Carcinoma, Non-Small-Cell Lung
10-hydroxycamptothecin	Cell Transformation, Neoplastic
10-hydroxycamptothecin	Cell Transformation, Neoplastic
10-hydroxycamptothecin	Cerebral Hemorrhage
10-hydroxycamptothecin	Cerebral Hemorrhage
10-hydroxycamptothecin	Cerebral Hemorrhage
10-hydroxycamptothecin	Chondrosarcoma, Mesenchymal
10-hydroxycamptothecin	Colitis, Ulcerative
10-hydroxycamptothecin	Colonic Neoplasms
10-hydroxycamptothecin	Colorectal Neoplasms
10-hydroxycamptothecin	Dermatitis, Allergic Contact
10-hydroxycamptothecin	Diabetes Mellitus, Experimental
10-hydroxycamptothecin	Diabetes Mellitus, Experimental
10-hydroxycamptothecin	Diabetes Mellitus, Experimental
10-hydroxycamptothecin	Diabetes Mellitus, Type 1
10-hydroxycamptothecin	Diabetes Mellitus, Type 2
10-hydroxycamptothecin	Diabetes Mellitus, Type 2
10-hydroxycamptothecin	Diabetes Mellitus, Type 2
10-hydroxycamptothecin	Diabetic Neuropathies
10-hydroxycamptothecin	Diabetic Retinopathy
10-hydroxycamptothecin	Disease Progression
10-hydroxycamptothecin	Edema
10-hydroxycamptothecin	Erectile Dysfunction
10-hydroxycamptothecin	Erectile Dysfunction
10-hydroxycamptothecin	Esophageal Neoplasms
10-hydroxycamptothecin	Gallbladder Neoplasms
10-hydroxycamptothecin	Head and Neck Neoplasms
10-hydroxycamptothecin	Head and Neck Neoplasms
10-hydroxycamptothecin	Hearing Loss
10-hydroxycamptothecin	Heart Valve Diseases
10-hydroxycamptothecin	HIV Infections
10-hydroxycamptothecin	Huntington Disease
10-hydroxycamptothecin	Hypertension
10-hydroxycamptothecin	Infertility, Male
10-hydroxycamptothecin	Intestinal Diseases
10-hydroxycamptothecin	Intestinal Neoplasms
10-hydroxycamptothecin	Learning Disorders
10-hydroxycamptothecin	Leukemia, Lymphocytic, Chronic, B-Cell
10-hydroxycamptothecin	Leukemia, Myeloid, Acute
10-hydroxycamptothecin	Liposarcoma, Myxoid
10-hydroxycamptothecin	Liver Cirrhosis, Alcoholic
10-hydroxycamptothecin	Liver Diseases
10-hydroxycamptothecin	Liver Neoplasms
10-hydroxycamptothecin	Liver Neoplasms, Experimental
10-hydroxycamptothecin	Liver Neoplasms, Experimental
10-hydroxycamptothecin	Lung Neoplasms
10-hydroxycamptothecin	Lymphoma, Follicular
10-hydroxycamptothecin	Lymphoma, Large B-Cell, Diffuse
10-hydroxycamptothecin	Lymphoma, Non-Hodgkin
10-hydroxycamptothecin	Melanoma
10-hydroxycamptothecin	Memory Disorders
10-hydroxycamptothecin	Metaplasia
10-hydroxycamptothecin	Multiple Myeloma
10-hydroxycamptothecin	Multiple Myeloma
10-hydroxycamptothecin	Mycoplasma Infections
10-hydroxycamptothecin	Myocardial Infarction
10-hydroxycamptothecin	Myocardial Infarction
10-hydroxycamptothecin	Myocardial Infarction
10-hydroxycamptothecin	Myocardial Infarction
10-hydroxycamptothecin	Myocardial Reperfusion Injury
10-hydroxycamptothecin	Necrosis
10-hydroxycamptothecin	Nephrosis
10-hydroxycamptothecin	Nerve Degeneration
10-hydroxycamptothecin	Nerve Degeneration
10-hydroxycamptothecin	Nervous System Diseases
10-hydroxycamptothecin	Neurotoxicity Syndromes
10-hydroxycamptothecin	Neurotoxicity Syndromes
10-hydroxycamptothecin	Osteochondrodysplasias
10-hydroxycamptothecin	Pancreatic Neoplasms
10-hydroxycamptothecin	Peripheral Nervous System Diseases
10-hydroxycamptothecin	Peripheral Nervous System Diseases
10-hydroxycamptothecin	Polycystic Ovary Syndrome
10-hydroxycamptothecin	Precancerous Conditions
10-hydroxycamptothecin	Prostatic Neoplasms
10-hydroxycamptothecin	Prostatic Neoplasms
10-hydroxycamptothecin	Reperfusion Injury
10-hydroxycamptothecin	Reperfusion Injury
10-hydroxycamptothecin	Retinal Degeneration
10-hydroxycamptothecin	Retinal Detachment
10-hydroxycamptothecin	Sarcoma, Synovial
10-hydroxycamptothecin	Sepsis
10-hydroxycamptothecin	Soft Tissue Neoplasms
10-hydroxycamptothecin	Spinal Cord Injuries
10-hydroxycamptothecin	Status Epilepticus
10-hydroxycamptothecin	Subarachnoid Hemorrhage
10-hydroxycamptothecin	Ulcer
10-hydroxynortriptyline	Acute Kidney Injury
10-hydroxynortriptyline	Alzheimer Disease
10-hydroxynortriptyline	Amphetamine-Related Disorders
10-hydroxynortriptyline	Basal Ganglia Diseases
10-hydroxynortriptyline	Bradycardia
10-hydroxynortriptyline	Breast Neoplasms
10-hydroxynortriptyline	Coma
10-hydroxynortriptyline	Drug Metabolism, Poor, CYP2D6-Related
10-hydroxynortriptyline	Drug-Related Side Effects and Adverse Reactions
10-hydroxynortriptyline	Dystonia
10-hydroxynortriptyline	Epilepsy, Tonic-Clonic
10-hydroxynortriptyline	Heart Failure
10-hydroxynortriptyline	Manganese Poisoning
10-hydroxynortriptyline	Muscle Rigidity
10-hydroxynortriptyline	Nephritis, Interstitial
10-hydroxynortriptyline	Occupational Diseases
10-hydroxynortriptyline	Parkinson Disease
10-hydroxynortriptyline	Prenatal Exposure Delayed Effects
10-hydroxynortriptyline	Sexual Dysfunctions, Psychological
10-hydroxynortriptyline	Substance-Related Disorders
10-hydroxynortriptyline	Tremor
10-hydroxynortriptyline	Weight Gain
10-hydroxywarfarin	Acute Kidney Injury
10-hydroxywarfarin	Adenocarcinoma
10-hydroxywarfarin	Barrett Esophagus
10-hydroxywarfarin	Brain Neoplasms
10-hydroxywarfarin	Breast Neoplasms
10-hydroxywarfarin	Cardiomyopathies
10-hydroxywarfarin	Coumarin Resistance
10-hydroxywarfarin	Diabetes Mellitus
10-hydroxywarfarin	Drug Hypersensitivity
10-hydroxywarfarin	Drug-Induced Liver Injury
10-hydroxywarfarin	Drug-Induced Liver Injury
10-hydroxywarfarin	Drug-Related Side Effects and Adverse Reactions
10-hydroxywarfarin	Esophageal Neoplasms
10-hydroxywarfarin	Fatty Liver
10-hydroxywarfarin	Hemorrhage
10-hydroxywarfarin	Hepatitis C
10-hydroxywarfarin	Hepatomegaly
10-hydroxywarfarin	Hypophosphatemia
10-hydroxywarfarin	Infertility, Female
10-hydroxywarfarin	Jaundice, Neonatal
10-hydroxywarfarin	Metabolic Syndrome X
10-hydroxywarfarin	Nephritis, Interstitial
10-hydroxywarfarin	Nervous System Diseases
10-hydroxywarfarin	Obesity
10-hydroxywarfarin	Osteosarcoma
10-hydroxywarfarin	Osteosarcoma
10-hydroxywarfarin	Peptic Ulcer Hemorrhage
10-hydroxywarfarin	Prostatic Neoplasms
10-hydroxywarfarin	Torsades de Pointes
10-methoxy-2,2-dimethyl-2,6-dihydropyrano(3,2-c)quinolin-5-one	Acute Kidney Injury
10-methoxy-2,2-dimethyl-2,6-dihydropyrano(3,2-c)quinolin-5-one	Acute Lung Injury
10-methoxy-2,2-dimethyl-2,6-dihydropyrano(3,2-c)quinolin-5-one	Acute Lung Injury
10-methoxy-2,2-dimethyl-2,6-dihydropyrano(3,2-c)quinolin-5-one	Adenocarcinoma
10-methoxy-2,2-dimethyl-2,6-dihydropyrano(3,2-c)quinolin-5-one	Adenocarcinoma
10-methoxy-2,2-dimethyl-2,6-dihydropyrano(3,2-c)quinolin-5-one	Adenocarcinoma, Clear Cell
10-methoxy-2,2-dimethyl-2,6-dihydropyrano(3,2-c)quinolin-5-one	Adenoma
